ID	Sentence	Labels
5155	I like ham , but not fish .	1
2560	I like restaurants , and clerks too .	1
3711	I like jewelry more than skirts .	1
2232	I like seafood , and veal too .	1
2376	I like pets , and jellyfish too .	1
4481	I like scientists more than geneticists .	0
3104	I do not like seafood , I prefer salmon .	0
997	I like enduros , an interesting type of airplane .	0
3197	I do not like documentaries , I prefer videogames .	1
4811	I like blackbirds , but not hamsters .	1
1570	He trusts rumors , an interesting type of touch .	0
371	I like bracelets , and more specifically shoes .	0
3729	I like thrillers , except essays .	0
4877	I like glasses , but not shirts .	1
3243	I do not like rings , I prefer glasses .	1
3545	I like huskies more than parrots .	1
4565	He likes emotions , except logic .	0
3843	I like furniture more than tables .	0
4896	I like socks , but not jewelry .	1
4244	I like dogs , except jellyfish .	0
5229	I like oysters , but not chicken .	1
2090	I like Merlot , and beer too .	1
2120	I like sprite , and Zinfandel too .	1
395	I like cats , except beagles .	0
3971	I like blues more than sports .	1
4535	He trusts rumors , except his touch .	0
64	I use PVC , and more specifically wood .	0
4820	I like birds , but not sparrows .	1
3495	I do not like scientists , I prefer geneticists .	0
3807	I use leather more than vinyl .	1
4395	I like films more than essays .	1
5707	I like bulldogs , except parrots .	0
5353	I like Kawasakis , except ships .	0
1613	He likes calculations , an interesting type of fear .	0
1113	I use plastic , an interesting type of leather .	0
5643	I like bulldogs , and more specifically cats .	0
5693	I like blackbirds , and more specifically pigs .	0
373	I like beagles , except cats .	0
1787	I like cats , and bobtails too .	1
2941	I do not like paintings , I prefer tables .	1
554	He likes logic , and more specifically sadness .	0
3721	I like oaks more than animals .	1
2991	I do not like Chianti , I prefer coca-cola .	1
1453	I like jewelry , an interesting type of bracelet .	0
3207	I like salmon , except beef .	0
4372	He likes sadness more than logic .	1
5279	I like movies , but not comedies .	1
59	I use cotton , and more specifically vinyl .	0
5797	I like glasses , except shirts .	0
3972	I like sports more than blues .	1
3663	I like ships more than Kawasakis .	1
2562	I like clerks , and schools too .	1
780	I like parquet , except chairs .	0
1493	I like scarfs , an interesting type of ring .	0
3318	He does not trust reconstructions , he prefers his hearing .	1
4156	I like movies more than documentaries .	0
321	I like thrillers , and more specifically textbooks .	0
5042	I like motorcycles , except Kawasakis .	0
1867	I like Harley-Davidson , and trains too .	1
3509	I do not like waiters , I prefer astronomers .	1
3668	I like Kawasakis more than trains .	1
4541	He trusts reconstructions , except his touch .	0
2814	I do not like socks , I prefer pets .	1
1060	I like trees , an interesting type of grass .	0
4697	I met waiters , except biologists .	0
3863	I like cutlery more than beds .	1
5119	I like music , but not jewelry .	1
5775	I like clothes , and more specifically trousers .	1
2607	I met biologists , and caretakers too .	1
3565	I like bulldogs more than cats .	1
4604	I like books , except music .	0
2061	I like wardrobes , and furniture too .	0
718	I like animals , except pines .	0
4776	I like beagles , but not dogs .	0
3005	I do not like Zinfandel , I prefer water .	1
409	I like pets , and more specifically cats .	1
4121	I like boardgames more than thrillers .	1
79	I like chairs , and more specifically paintings .	0
4314	He trusts his touch more than guesses .	1
1553	He trusts reconstructions , an interesting type of sight .	0
2460	I like broccoli , except bacon .	0
17	I like trees , and more specifically pines .	1
4038	I like lard more than fish .	1
564	I like books , and more specifically films .	0
1529	I like jellyfish , an interesting type of rabbit .	0
1942	I like jewelry , and skirts too .	1
1256	I like boardgames , an interesting type of jazz .	0
5382	I like bears , but not hamsters .	1
1289	I like rock , except jewelry .	0
2069	I like beds , and cutlery too .	1
3242	I do not like scarfs , I prefer rings .	1
3123	I do not like crabs , I prefer beef .	1
499	He trusts rumors , and more specifically his taste .	0
1308	I like pork , an interesting type of apple .	0
5636	I like dogs , and more specifically bobtails .	1
4966	I use plastic , but not wood .	1
3858	I like wardrobes more than wallpaper .	1
4215	I like giraffes more than cats .	1
260	I like carrots , and more specifically bacon .	0
1569	He trusts his touch , an interesting type of rumor .	0
4605	I like textbooks , except films .	0
1284	I like blues , an interesting type of food .	0
5608	I met scientists , but not physicists .	1
4018	I like prosciutto more than fish .	1
4860	I like ships , but not Kawasakis .	1
1358	I like beef , an interesting type of salmon .	0
3039	I do not like music , I prefer techno .	0
4390	I like essays more than music .	1
2020	I use cotton , and vinyl too .	1
2495	He likes love , and calculations too .	1
3871	I like parquet more than beds .	1
3279	I do not like rabbits , I prefer whales .	1
3468	I do not like factories , I prefer professors .	1
574	I like books , and more specifically essays .	1
1803	I like parrots , and bulldogs too .	1
5704	I like pigs , and more specifically sparrows .	0
1158	I like furniture , an interesting type of parquet .	0
1696	I like waiters , an interesting type of worker .	1
580	I like paintings , and more specifically essays .	0
303	I like oysters , and more specifically beef .	0
314	I like beef , and more specifically caviar .	0
2368	I like pets , and cats too .	0
1531	I like whales , an interesting type of rabbit .	0
2555	I like factories , and clerks too .	1
1535	I like pets , an interesting type of hamster .	0
5205	I like chicken , but not salmon .	1
2014	I use leather , and nylon too .	1
4034	I like bacon more than apples .	1
2811	I do not like glasses , I prefer trousers .	1
5388	I like bicycles , except Kawasakis .	0
298	I like seafood , and more specifically oysters .	1
1105	I use polyester , an interesting type of cotton .	0
4455	I like factories more than professors .	1
5691	I like blackbirds , and more specifically hamsters .	0
2328	I like glasses , and bracelets too .	1
4550	He trusts his taste , except reconstructions .	0
1108	I use polyester , an interesting type of glass .	0
2794	I do not like shirts , I prefer jewelry .	1
4785	I like cats , but not parrots .	1
4887	I like jewelry , but not trousers .	1
799	I like wardrobes , except cutlery .	0
1868	I like trains , and Harley-Davidson too .	1
5008	I use leather , but not PVC .	1
1645	I like textbooks , an interesting type of painting .	0
43	I use wood , and more specifically nylon .	0
3918	I like Zinfandel more than sprite .	1
1532	I like hamsters , an interesting type of giraffe .	0
831	I like parrots , except dogs .	0
2144	I like food , and jazz too .	1
787	I like tables , except furniture .	0
5673	I like pigs , and more specifically parrots .	0
3173	I do not like westerns , I prefer boardgames .	1
4410	I like handbooks more than music .	1
4940	I like grass , but not firs .	1
5413	He trusts his hearing , but not reconstructions .	1
4257	I like whales , except dogs .	0
4204	I like rings more than handbags .	1
5814	I like grass , and more specifically oaks .	0
4946	I like firs , but not bushes .	1
4343	He likes calculations more than joy .	1
5355	I like dogs , but not giraffes .	1
4131	I like textbooks more than westerns .	1
5584	I met geneticists , but not clerks .	1
2410	I like whales , and hamsters too .	1
3278	I do not like jellyfish , I prefer rabbits .	1
1051	I like skirts , an interesting type of glass .	0
157	I like beer , and more specifically Chianti .	0
1206	I like Chardonnay , an interesting type of wine .	1
4264	I like hamsters more than jellyfish .	1
1649	I like music , an interesting type of essay .	0
1854	I like hamsters , and sparrows too .	1
2968	I do not like Merlot , I prefer wine .	0
3070	I do not like pork , I prefer carrots .	1
4349	He likes emotions more than fear .	0
1830	I like cats , and ducks too .	1
1197	I like wine , an interesting type of water .	0
3851	I like videogames , except westerns .	0
3008	I do not like sprite , I prefer Zinfandel .	1
1582	He trusts his senses , an interesting type of taste .	0
3574	I like rabbits more than bulldogs .	1
817	I like paintings , except beds .	0
4657	I like offices , except clerks .	0
3608	I like blackbirds more than cats .	1
756	I use leather , except vinyl .	0
5560	I like professors , but not factories .	1
3494	I do not like geneticists , I prefer scientists .	0
4070	I like beef more than salmon .	1
2703	I do not like parrots , I prefer birds .	0
5007	I use PVC , but not leather .	1
2696	I do not like hamsters , I prefer beagles .	1
738	I use wood , except nylon .	0
3518	I do not like scientists , I prefer physicists .	0
2678	I do not like parrots , I prefer bobtails .	1
2130	I like music , and boardgames too .	1
793	I like wallpaper , except tables .	0
3347	He does not like emotions , he prefers wisdom .	1
4236	I like dogs more than bears .	1
5123	I like music , but not jazz .	1
704	I like trees , except firs .	1
1718	I like professors , an interesting type of restaurant .	0
278	I like seafood , and more specifically veal .	0
2841	I do not like trees , I prefer animals .	1
1008	I like planes , an interesting type of Kawasaki .	0
3053	I do not like food , I prefer blues .	1
5734	I like ships , and more specifically enduros .	0
946	I like blackbirds , an interesting type of hamster .	0
4992	I use vinyl , but not cotton .	1
3308	He does not trust his sight , he prefers guesses .	1
4461	I like schools more than professors .	1
1198	I like Merlot , an interesting type of sprite .	0
1551	He trusts his senses , an interesting type of report .	0
4166	I like pets , except jellyfish .	0
3074	I do not like pork , I prefer prosciutto .	0
461	He trusts reports , and more specifically his sight .	0
2325	I like scarfs , and bracelets too .	1
3636	I like Harley-Davidson more than trains .	1
1211	I like sprite , an interesting type of Chardonnay .	0
1618	He likes love , an interesting type of stupidity .	0
5013	I like furniture , but not chairs .	1
5164	I like apples , but not ham .	1
1463	I like jewelry , an interesting type of shoe .	0
5809	I like shirts , except earrings .	0
3154	I do not like thrillers , I prefer movies .	0
3479	I do not like biologists , I prefer scientists .	0
5520	I like handbooks , but not films .	1
784	I like parrots , except birds .	0
4976	I use nylon , but not wood .	1
4941	I like firs , but not trees .	0
3336	He does not trust his senses , he prefers his taste .	0
2349	I like scarfs , and earrings too .	1
5588	I met geneticists , but not waiters .	1
3731	I like essays , except thrillers .	0
3296	I like veal , except crabs .	0
3245	I do not like rings , I prefer shoes .	1
5149	I like food , but not blues .	1
2503	He likes sadness , and logic too .	1
1812	I like beagles , and parrots too .	1
661	I met scientists , and more specifically clerks .	0
1714	I like professors , an interesting type of factory .	0
75	I like cutlery , and more specifically chairs .	0
1711	I like schools , an interesting type of caretaker .	0
1989	I like pines , and shrubs too .	1
742	I use cotton , except nylon .	0
2938	I do not like tables , I prefer furniture .	0
3804	I use vinyl more than glass .	1
991	I like enduros , an interesting type of motorcycle .	1
1231	I like sprite , an interesting type of Zinfandel .	0
55	I use wood , and more specifically vinyl .	0
3484	I do not like scientists , I prefer waiters .	1
3650	I like Suzukis more than airplanes .	1
8	I like firs , and more specifically bushes .	0
5261	I like boardgames , but not thrillers .	1
391	I like earrings , and more specifically glasses .	0
4955	I like animals , but not pines .	1
2504	He likes logic , and sadness too .	1
4096	I like seafood more than caviar .	0
2234	I like turkey , and salmon too .	1
971	I like bicycles , an interesting type of Harley-Davidson .	0
3105	I do not like seafood , I prefer chicken .	1
4011	I like ham more than apples .	1
5185	I like bacon , but not apples .	1
3817	I use glass more than PVC .	1
1209	I like water , an interesting type of Chardonnay .	0
1849	I like sparrows , and cats too .	1
2522	I like books , and paintings too .	1
5204	I like salmon , but not chicken .	1
1133	I use leather , an interesting type of vinyl .	0
4888	I like trousers , but not glasses .	1
5039	I like furniture , but not wardrobes .	1
2191	I like pork , and prosciutto too .	0
2813	I do not like earrings , I prefer trousers .	1
4381	I like textbooks more than films .	1
5383	I like Kawasakis , except bicycles .	0
4734	I met janitors , except physicists .	0
3614	I like blackbirds more than pigs .	1
2151	I like techno , and boardgames too .	1
1090	I like pines , an interesting type of grass .	0
3610	I like blackbirds more than birds .	0
3704	I like socks more than earrings .	1
967	I like Harley-Davidson , an interesting type of motorcycle .	1
5828	I like grass , and more specifically birches .	0
2894	I do not like nylon , I prefer plastic .	0
203	I like jewelry , and more specifically jazz .	0
1376	I like oysters , an interesting type of chicken .	0
2635	I met physicists , and scientists too .	0
5489	I like books , but not films .	1
5320	I like earrings , but not handbags .	1
2957	I do not like cutlery , I prefer beds .	1
830	I like water , except Merlot .	0
3425	I do not like handbooks , I prefer books .	0
766	I use leather , except PVC .	0
2676	I do not like hamsters , I prefer bobtails .	1
1576	He trusts reconstructions , an interesting type of touch .	0
4008	I like broccoli more than ham .	1
4778	I like beagles , but not hamsters .	1
2823	I do not like earrings , I prefer socks .	1
3613	I like hamsters more than blackbirds .	1
2467	He likes stupidity , and joy too .	1
1392	I like veal , an interesting type of caviar .	0
5425	He trusts his touch , but not guesses .	1
3769	I like pines more than bushes .	1
4441	I like schools more than waiters .	1
4376	I like textbooks more than music .	1
2905	I do not like plastic , I prefer vinyl .	0
1304	I like broccoli , an interesting type of ham .	0
4814	I like pigs , but not blackbirds .	1
3820	I like westerns , except movies .	0
5524	I like handbooks , but not paintings .	1
3530	I like beef , except oysters .	0
1455	I like bracelets , an interesting type of scarf .	0
206	I like techno , and more specifically sports .	0
1152	I like furniture , an interesting type of painting .	0
3691	I like jewelry more than trousers .	1
5411	He trusts his hearing , but not reports .	1
1357	I like salmon , an interesting type of beef .	0
4362	He likes love more than logic .	1
1202	I like beer , an interesting type of Merlot .	0
5785	I like socks , and more specifically pets .	0
1516	I like dogs , an interesting type of bear .	0
1471	I like food , except blues .	0
5791	I like clothes , except jewelry .	0
2564	I like workers , and schools too .	1
3362	He does not like emotions , he prefers fear .	0
4196	I like earrings more than jewelry .	0
2800	I do not like shirts , I prefer earrings .	1
3337	He does not trust his taste , he prefers reports .	1
1040	I like jewelry , an interesting type of sock .	0
4854	I like bicycles , but not enduros .	1
4551	He trusts reconstructions , except his taste .	0
164	I like Zinfandel , and more specifically water .	0
3016	I do not like music , I prefer sports .	1
2521	I like carrots , except bacon .	0
5832	I like animals , and more specifically birches .	0
5375	I like rabbits , but not whales .	1
1370	I like crabs , an interesting type of turkey .	0
3785	I use polyester more than leather .	1
4557	He likes joy , except emotions .	0
3599	I like cats more than ducks .	1
5780	I like glasses , and more specifically trousers .	0
4915	I like trees , but not oaks .	1
5587	I met scientists , but not geneticists .	1
1204	I like Chardonnay , an interesting type of coca-cola .	0
483	He trusts guesses , and more specifically his hearing .	0
446	I like bears , and more specifically hamsters .	0
1283	I like food , except rock .	0
1534	I like hamsters , an interesting type of pet .	1
4587	He likes logic , except love .	0
5111	I like rock , but not boardgames .	1
1352	I like veal , an interesting type of salmon .	0
4739	I like huskies , but not cats .	1
4957	I like pines , but not bushes .	1
4274	I like rabbits , except jellyfish .	0
3951	I like sports more than jazz .	1
1413	I like movies , an interesting type of videogame .	0
3126	I do not like chicken , I prefer oysters .	1
2017	I use vinyl , and plastic too .	0
388	I like jewelry , and more specifically earrings .	1
1580	He trusts rumors , an interesting type of taste .	0
5036	I like wardrobes , but not cutlery .	1
809	I like huskies , except rabbits .	0
2171	I like pork , except fish .	0
1876	I like motorcycles , and Suzukis too .	0
2303	I like comedies , and boardgames too .	1
1677	I like handbooks , an interesting type of painting .	0
3038	I do not like techno , I prefer music .	0
2031	I use PVC , and glass too .	1
4418	I like handbooks more than paintings .	1
1485	I like earrings , an interesting type of shoe .	0
4862	I like Kawasakis , but not bicycles .	1
4223	I like jellyfish more than cats .	1
3832	I like chairs more than wallpaper .	1
2026	I use wood , and PVC too .	1
671	I met geneticists , and more specifically clerks .	0
517	He likes stupidity , and more specifically joy .	0
2705	I do not like birds , I prefer cats .	1
805	I like wardrobes , except wallpaper .	0
5536	I like workers , but not schools .	1
5481	I like hamsters , except huskies .	0
4509	He trusts his sight , except rumors .	0
3549	I like rabbits more than huskies .	1
4263	I like bears more than hamsters .	1
2546	I like handbooks , and books too .	0
2999	I do not like Chianti , I prefer beer .	1
1407	I like movies , an interesting type of textbook .	0
715	I like pines , except trees .	0
1750	I met astronomers , an interesting type of scientist .	1
3467	I do not like professors , I prefer factories .	1
1834	I like hamsters , and ducks too .	1
4009	I like necklaces , except shoes .	0
699	I met physicists , and more specifically janitors .	0
3678	I like jewelry more than shirts .	1
528	He likes wisdom , and more specifically fear .	0
3251	I do not like pets , I prefer giraffes .	1
747	I use vinyl , except wood .	0
571	I like essays , and more specifically music .	0
5377	I like hamsters , but not giraffes .	1
2609	I met scientists , and caretakers too .	1
4361	He likes stupidity more than love .	1
2643	I like sparrows , except birds .	0
4629	I like novels , except films .	0
4354	He likes fear more than calculations .	1
5439	He likes joy , but not emotions .	0
3168	I do not like westerns , I prefer movies .	0
2226	I like chicken , and salmon too .	1
3186	I do not like boardgames , I prefer comedies .	1
319	I like movies , and more specifically thrillers .	1
1865	I like bicycles , and Harley-Davidson too .	1
706	I like animals , except firs .	0
812	I like beds , except cutlery .	0
938	I like pigs , an interesting type of duck .	0
5130	I like Suzukis , except trains .	0
3705	I like earrings more than socks .	1
4324	He trusts his taste more than reconstructions .	1
2718	I do not like ducks , I prefer hamsters .	1
454	I like oaks , except grass .	0
599	I like books , and more specifically handbooks .	1
3937	I like sports more than rock .	1
4554	I like cats , except bobtails .	0
4597	He likes logic , except sadness .	0
2754	I do not like motorcycles , I prefer trains .	1
191	I like skirts , except glasses .	0
5507	I like music , but not novels .	1
3452	I do not like restaurants , I prefer waiters .	1
4259	I like giraffes more than hamsters .	1
3487	I do not like scientists , I prefer caretakers .	1
4102	I like caviar more than beef .	1
687	I met astronomers , and more specifically caretakers .	0
259	I like bacon , and more specifically carrots .	0
5606	I met clerks , but not physicists .	1
947	I like hamsters , an interesting type of blackbird .	0
1145	I like chairs , an interesting type of cutlery .	0
5810	I like earrings , except shirts .	0
5827	I like birches , and more specifically grass .	0
2186	I like carrots , and ham too .	1
4486	I like geneticists more than janitors .	1
2762	I do not like Suzukis , I prefer bicycles .	1
4383	I like books more than films .	1
3882	I like wine more than sprite .	1
5490	I like textbooks , but not cartoons .	1
935	I like ducks , an interesting type of hamster .	0
5224	I like crabs , but not turkey .	1
1427	I like movies , an interesting type of comedie .	0
5378	I like giraffes , but not hamsters .	1
639	I met caretakers , and more specifically workers .	0
3726	I like trees more than bushes .	1
5260	I like thrillers , but not boardgames .	1
3433	I do not like clerks , I prefer factories .	1
5604	I met janitors , but not astronomers .	1
1676	I like cartoons , an interesting type of handbook .	0
2820	I do not like socks , I prefer glasses .	1
1587	He trusts his taste , an interesting type of guess .	0
1086	I like firs , an interesting type of bush .	0
2763	I do not like bicycles , I prefer Suzukis .	1
4400	I like novels more than music .	1
2298	I like comedies , and movies too .	0
1162	I like tables , an interesting type of furniture .	1
2219	I like lard , and carrots too .	1
2182	I like ham , and apples too .	1
895	I like bobtails , an interesting type of rabbit .	0
4017	I like pork more than carrots .	1
2860	I do not like firs , I prefer trees .	0
2342	I like shoes , and necklaces too .	1
5600	I met waiters , but not astronomers .	1
888	I like cats , an interesting type of bobtail .	0
5141	I like jewelry , but not techno .	1
2524	I like music , and essays too .	1
1336	I like lard , an interesting type of fish .	0
4495	I like caretakers more than astronomers .	1
3169	I do not like movies , I prefer westerns .	0
694	I met scientists , and more specifically physicists .	1
3862	I like beds more than cutlery .	1
3897	I like essays , except comedies .	0
4232	I like dogs more than giraffes .	1
1494	I like rings , an interesting type of glasses .	0
1680	I like clerks , an interesting type of factory .	0
5463	He likes love , but not emotions .	0
5770	I like clothes , except shirts .	1
3603	I like hamsters more than ducks .	1
4577	He likes fear , except calculations .	0
1393	I like food , except techno .	0
2925	I do not like furniture , I prefer chairs .	0
5163	I like ham , but not apples .	1
38	I use leather , and more specifically polyester .	0
1319	I like food , except jazz .	0
2290	I like fish , except prosciutto .	0
2398	I like jellyfish , and rabbits too .	1
2370	I like cats , and bears too .	1
4770	I like bulldogs , but not parrots .	1
3466	I do not like offices , I prefer caretakers .	1
795	I like parquet , except tables .	0
1339	I like pork , an interesting type of lard .	0
3940	I like music more than sports .	1
3075	I do not like prosciutto , I prefer broccoli .	1
1982	I like grass , and pines too .	1
2969	I do not like wine , I prefer Merlot .	0
4614	I like books , except paintings .	0
4512	He trusts his senses , except his sight .	1
525	He likes emotions , and more specifically calculations .	0
2859	I do not like grass , I prefer firs .	1
4730	I met waiters , except physicists .	0
4409	I like paintings more than novels .	1
5156	I like fish , but not ham .	1
2581	I like workers , and caretakers too .	0
4445	I like factories more than caretakers .	1
3894	I like Chardonnay more than beer .	1
714	I like grass , except pines .	0
4856	I like trains , but not enduros .	1
5011	I like cutlery , but not chairs .	1
2347	I like jewelry , and earrings too .	0
5285	I like videogames , but not comedies .	1
5352	I like whales , but not cats .	1
879	I like dogs , an interesting type of hamster .	0
5415	He trusts his hearing , but not guesses .	1
309	I like caviar , and more specifically veal .	0
3631	I like motorcycles more than Harley-Davidson .	0
984	I like bicycles , an interesting type of Suzuki .	0
3947	I like rock more than jewelry .	1
4929	I like birches , but not trees .	0
4346	He likes fear more than wisdom .	1
4990	I use vinyl , but not plastic .	0
5575	I met biologists , but not waiters .	1
1928	I like pets , and socks too .	1
1139	I use PVC , an interesting type of cotton .	0
3222	I do not like necklaces , I prefer glasses .	1
3029	I do not like music , I prefer jazz .	0
1151	I like paintings , an interesting type of chair .	0
4209	I like scarfs more than rings .	1
1884	I like ships , and enduros too .	1
3034	I do not like jazz , I prefer jewelry .	1
5605	I met physicists , but not clerks .	1
1326	I like bacon , an interesting type of pork .	1
1248	I like music , an interesting type of necklace .	0
826	I like Merlot , except wine .	0
4602	I like textbooks , except books .	0
4469	I like biologists more than waiters .	1
4099	I like handbags , except rings .	0
1372	I like crabs , an interesting type of beef .	0
3121	I do not like crabs , I prefer turkey .	1
5066	I like sprite , but not Merlot .	1
1952	I like oaks , and animals too .	1
4449	I like restaurants more than caretakers .	1
1491	I like jewelry , an interesting type of ring .	0
3128	I do not like seafood , I prefer oysters .	0
5277	I like essays , but not comedies .	1
5274	I like westerns , but not videogames .	1
5690	I like birds , and more specifically blackbirds .	1
2027	I use PVC , and plastic too .	0
3501	I do not like geneticists , I prefer janitors .	1
1343	I like apples , an interesting type of lard .	0
5339	I like shoes , but not rings .	1
3825	I like cutlery more than chairs .	1
2365	I like cats , and giraffes too .	1
2062	I like furniture , and wardrobes too .	0
2341	I like necklaces , and shoes too .	1
4049	I like handbags , except earrings .	0
4403	I like books more than novels .	0
5095	I like Zinfandel , but not water .	1
365	I like bracelets , and more specifically scarfs .	0
3149	I like seafood , except chicken .	0
4404	I like novels more than films .	1
2384	I like pets , and dogs too .	0
3297	He does not trust his sight , he prefers rumors .	1
2320	I like handbags , and bracelets too .	1
794	I like tables , except parquet .	0
5053	I like beds , but not wallpaper .	1
3172	I like seafood , except veal .	0
4812	I like hamsters , but not blackbirds .	1
5035	I like parquet , but not tables .	1
2301	I like textbooks , and comedies too .	1
3640	I like planes more than Harley-Davidson .	1
1840	I like cats , and blackbirds too .	1
2112	I like beer , and Chianti too .	1
1888	I like bicycles , and enduros too .	1
3324	He does not trust his touch , he prefers his senses .	0
2497	He likes sadness , and wisdom too .	1
710	I like firs , except shrubs .	0
3628	I like Harley-Davidson more than ships .	1
1921	I like trousers , and jewelry too .	1
4454	I like professors more than factories .	1
5756	I like shirts , and more specifically clothes .	0
2578	I like caretakers , and factories too .	1
3188	I do not like videogames , I prefer comedies .	1
684	I met scientists , and more specifically astronomers .	1
840	I like Chardonnay , except coca-cola .	0
1604	He likes fear , an interesting type of wisdom .	0
5466	He likes stupidity , but not love .	1
5477	He likes sadness , but not logic .	1
284	I like seafood , and more specifically beef .	0
110	I like beds , and more specifically furniture .	0
5181	I like bacon , but not pork .	0
1999	I use polyester , and glass too .	1
5343	I like pets , but not cats .	1
4807	I like blackbirds , but not cats .	1
99	I like cutlery , and more specifically wardrobes .	0
2277	I like thrillers , and boardgames too .	1
5491	I like cartoons , but not textbooks .	1
233	I like broccoli , and more specifically ham .	0
2332	I like jewelry , and shoes too .	1
1931	I like socks , and jewelry too .	1
5543	I like workers , but not waiters .	1
1870	I like Harley-Davidson , and airplanes too .	1
2270	I like essays , and thrillers too .	1
2954	I do not like wardrobes , I prefer parquet .	1
3349	He does not like stupidity , he prefers joy .	1
3595	I like birds more than pigs .	1
3352	He does not like joy , he prefers logic .	1
902	I like hamsters , an interesting type of bulldog .	0
177	I like jewelry , except skirts .	0
4323	He trusts reports more than his taste .	1
1281	I like blues , an interesting type of boardgame .	0
1168	I like tables , an interesting type of parquet .	0
2985	I do not like Chardonnay , I prefer water .	1
5517	I like music , but not handbooks .	1
930	I like birds , an interesting type of dog .	0
2015	I use vinyl , and wood too .	1
5719	I like motorcycles , and more specifically trains .	0
2689	I do not like bulldogs , I prefer rabbits .	1
3715	I like earrings more than skirts .	1
1221	I like sprite , an interesting type of Chianti .	0
1056	I like oaks , an interesting type of grass .	0
2141	I like jazz , and boardgames too .	1
2658	I do not like cats , I prefer huskies .	1
4448	I like caretakers more than restaurants .	1
4598	He likes sadness , except calculations .	0
5020	I like wallpaper , but not chairs .	1
1489	I like handbags , an interesting type of ring .	0
1389	I like caviar , an interesting type of seafood .	1
4391	I like music more than essays .	1
4029	I like fish more than bacon .	1
5396	He trusts his senses , but not his sight .	1
4988	I use vinyl , but not wood .	1
1709	I like restaurants , an interesting type of caretaker .	0
4980	I use nylon , but not cotton .	1
5295	I like videogames , but not documentaries .	1
5799	I like pets , and more specifically skirts .	0
4925	I like Harley-Davidson , except ships .	0
5501	I like films , but not essays .	1
5043	I like wardrobes , but not wallpaper .	1
3261	I do not like dogs , I prefer giraffes .	1
1399	I like jewelry , except techno .	0
3992	I like shoes , except bracelets .	0
1153	I like chairs , an interesting type of wallpaper .	0
822	I like parquet , except beds .	0
5166	I like ham , but not carrots .	1
1161	I like cutlery , an interesting type of table .	0
2399	I like rabbits , and whales too .	1
1013	I like clothes , an interesting type of shirt .	0
4230	I like dogs , except pets .	0
5333	I like jewelry , but not rings .	1
5287	I like essays , but not documentaries .	1
864	I like wine , except Zinfandel .	1
380	I like scarfs , and more specifically necklaces .	0
2493	He likes love , and logic too .	1
5100	I like beer , but not Zinfandel .	1
2088	I like sprite , and Merlot too .	1
5760	I like jewelry , and more specifically shirts .	0
1721	I like schools , an interesting type of professor .	0
2642	I met janitors , and physicists too .	1
4713	I met geneticists , except janitors .	0
3723	I like trees more than animals .	1
3286	I do not like bears , I prefer hamsters .	1
5114	I like rock , but not food .	1
3952	I like jazz more than music .	0
4300	He trusts his hearing more than guesses .	1
2787	I do not like planes , I prefer Kawasakis .	1
4563	He likes joy , except logic .	0
4530	He trusts his hearing , except reconstructions .	0
960	I like sparrows , an interesting type of dog .	0
1798	I like bulldogs , and dogs too .	0
2003	I use leather , and polyester too .	1
4830	I like Harley-Davidson , but not motorcycles .	0
2670	I do not like dogs , I prefer rabbits .	1
3283	I do not like hamsters , I prefer pets .	0
1654	I like essays , an interesting type of cartoon .	0
3762	I like videogames , except thrillers .	0
4386	I like books more than cartoons .	1
5678	I like cats , and more specifically ducks .	0
940	I like dogs , an interesting type of duck .	0
5620	I like huskies , and more specifically dogs .	0
1272	I like food , an interesting type of techno .	0
5237	I like turkey , but not oysters .	1
1383	I like turkey , an interesting type of oysters .	0
3797	I use leather more than nylon .	1
5497	I like music , but not essays .	1
3288	I do not like jellyfish , I prefer hamsters .	1
2748	I do not like motorcycles , I prefer ships .	1
1192	I like Merlot , an interesting type of wine .	1
2313	I like prosciutto , except broccoli .	0
4401	I like music more than novels .	1
2995	I do not like Chianti , I prefer water .	1
2851	I do not like trees , I prefer birches .	0
1454	I like jewelry , an interesting type of handbag .	0
1670	I like music , an interesting type of handbook .	0
4912	I like oaks , but not grass .	1
2720	I do not like ducks , I prefer pigs .	1
3094	I do not like pork , I prefer lard .	0
2238	I like seafood , and beef too .	1
858	I like sprite , except Chianti .	0
922	I like birds , an interesting type of cat .	0
815	I like furniture , except beds .	1
5698	I like cats , and more specifically sparrows .	0
1165	I like paintings , an interesting type of table .	0
2796	I do not like clothes , I prefer jewelry .	1
4533	He trusts guesses , except his hearing .	0
5437	He likes joy , but not wisdom .	1
2326	I like jewelry , and scarfs too .	1
2379	I like carrots , except prosciutto .	0
404	I like rings , and more specifically shoes .	0
978	I like motorcycles , an interesting type of airplane .	0
1864	I like Harley-Davidson , and bicycles too .	1
2973	I do not like wine , I prefer water .	1
4865	I like trains , but not Kawasakis .	1
2865	I do not like bushes , I prefer firs .	1
4352	He likes fear more than logic .	1
2335	I like necklaces , and jewelry too .	0
4823	I like sparrows , but not pigs .	1
3394	I do not like textbooks , I prefer films .	1
5241	I like chicken , but not caviar .	1
2779	I do not like ships , I prefer Kawasakis .	1
2680	I do not like rabbits , I prefer bobtails .	1
20	I like trousers , except jewelry .	0
553	He likes sadness , and more specifically logic .	0
4268	I like rabbits , except giraffes .	0
1519	I like jellyfish , an interesting type of dog .	0
3778	I use plastic more than wood .	1
3226	I do not like earrings , I prefer handbags .	1
2256	I like turkey , and oysters too .	1
85	I like chairs , and more specifically parquet .	0
5117	I like rock , but not jewelry .	1
3635	I like motorcycles more than bicycles .	1
1640	I like films , an interesting type of textbook .	0
1859	I like Harley-Davidson , and ships too .	1
3099	I do not like lard , I prefer carrots .	1
1146	I like cutlery , an interesting type of chair .	0
3834	I like furniture more than wallpaper .	1
2577	I like offices , and waiters too .	1
283	I like beef , and more specifically salmon .	0
1266	I like sports , an interesting type of techno .	0
2034	I use leather , and PVC too .	1
593	I like paintings , and more specifically novels .	0
4422	I like clerks more than workers .	0
5692	I like hamsters , and more specifically blackbirds .	0
4872	I like clothes , but not shoes .	1
1511	I like pets , an interesting type of whale .	0
2210	I like carrots , and bacon too .	1
4851	I like ships , but not enduros .	1
665	I met biologists , and more specifically caretakers .	0
4476	I like janitors more than biologists .	1
2104	I like coca-cola , and Chianti too .	1
5817	I like trees , and more specifically grass .	0
265	I like lard , and more specifically broccoli .	0
5044	I like wallpaper , but not wardrobes .	1
3247	I do not like cats , I prefer giraffes .	1
2139	I like jazz , and music too .	0
1987	I like pines , and bushes too .	1
1200	I like wine , an interesting type of sprite .	0
1877	I like Suzukis , and bicycles too .	1
2956	I do not like beds , I prefer cutlery .	1
719	I like pines , except bushes .	0
5482	I like textbooks , but not music .	1
5108	I like rock , but not music .	0
4122	I like movies more than boardgames .	1
2273	I like movies , and essays too .	1
1540	I like hamsters , an interesting type of whale .	0
3190	I do not like essays , I prefer documentaries .	1
2852	I do not like birches , I prefer animals .	1
2637	I met physicists , and waiters too .	1
5303	I like jewelry , but not scarfs .	1
3772	I like shrubs more than pines .	1
1560	He trusts his hearing , an interesting type of sense .	1
2201	I like fish , and bacon too .	1
3085	I do not like bacon , I prefer broccoli .	1
2338	I like scarfs , and necklaces too .	1
2236	I like salmon , and beef too .	1
2926	I do not like furniture , I prefer cutlery .	1
4687	I like schools , except professors .	0
320	I like movies , and more specifically essays .	0
3424	I do not like music , I prefer handbooks .	1
3364	He does not like stupidity , he prefers fear .	1
2071	I like beds , and furniture too .	0
4641	I like handbooks , except cartoons .	0
4385	I like cartoons more than textbooks .	1
5592	I met geneticists , but not janitors .	1
1851	I like sparrows , and birds too .	0
4939	I like firs , but not grass .	1
4470	I like waiters more than biologists .	1
2434	He trusts reconstructions , and his hearing too .	1
527	He likes fear , and more specifically wisdom .	0
4737	I like parrots , except bobtails .	0
1215	I like coca-cola , an interesting type of Chianti .	0
3687	I like pets more than trousers .	1
5573	I met scientists , but not biologists .	1
1583	He trusts his taste , an interesting type of report .	0
2878	I do not like polyester , I prefer wood .	1
3345	He does not like joy , he prefers emotions .	0
1710	I like caretakers , an interesting type of school .	0
235	I like ham , and more specifically apples .	0
4325	He trusts reconstructions more than his taste .	1
897	I like bulldogs , an interesting type of cat .	0
1346	I like salmon , an interesting type of chicken .	0
5711	I like Harley-Davidson , and more specifically motorcycles .	0
1665	I like novels , an interesting type of cartoon .	0
4288	He trusts his senses more than reconstructions .	1
3512	I do not like caretakers , I prefer astronomers .	1
1114	I use nylon , an interesting type of wood .	0
5819	I like animals , and more specifically oaks .	0
80	I like paintings , and more specifically chairs .	0
1075	I like animals , an interesting type of birch .	0
3219	I do not like jewelry , I prefer necklaces .	0
3943	I like music more than boardgames .	1
3354	He does not like emotions , he prefers logic .	1
4821	I like sparrows , but not hamsters .	1
5362	I like dogs , but not jellyfish .	1
2756	I do not like planes , I prefer Harley-Davidson .	1
1034	I like ducks , except pigs .	0
601	I like films , and more specifically handbooks .	0
3839	I like boardgames , except westerns .	0
4902	I like skirts , but not shoes .	1
267	I like lard , and more specifically apples .	0
4731	I met physicists , except caretakers .	0
4199	I like scarfs more than earrings .	1
1416	I like westerns , an interesting type of movie .	1
4045	I like apples more than lard .	1
5029	I like furniture , but not tables .	1
405	I like shoes , and more specifically rings .	0
334	I like westerns , and more specifically textbooks .	0
2150	I like music , and techno too .	0
1035	I like socks , an interesting type of pet .	0
4572	He likes emotions , except fear .	1
5356	I like giraffes , but not dogs .	1
3558	I like hamsters more than bobtails .	1
3198	I do not like videogames , I prefer documentaries .	1
1869	I like motorcycles , and trains too .	1
1230	I like Zinfandel , an interesting type of sprite .	0
1223	I like beer , an interesting type of Chianti .	0
990	I like ships , an interesting type of enduro .	0
1443	I like music , except blues .	1
4460	I like professors more than schools .	1
5611	I met physicists , but not caretakers .	1
4052	I like earrings , except scarfs .	0
4961	I like bicycles , except Harley-Davidson .	0
2050	I like cutlery , and tables too .	1
2067	I like wardrobes , and parquet too .	1
3716	I like oaks more than grass .	1
1316	I like pork , an interesting type of prosciutto .	0
4620	I like films , except essays .	0
4063	I like salmon more than veal .	1
1719	I like restaurants , an interesting type of professor .	0
2420	He trusts reconstructions , and his sight too .	1
4889	I like glasses , but not trousers .	1
2348	I like earrings , and scarfs too .	1
4293	He trusts rumors more than his hearing .	1
1232	I like Zinfandel , an interesting type of beer .	0
4719	I met astronomers , except waiters .	0
2381	I like dogs , and giraffes too .	1
3161	I do not like boardgames , I prefer thrillers .	1
3383	He does not like sadness , he prefers stupidity .	1
501	He trusts his senses , and more specifically his taste .	1
45	I use plastic , and more specifically nylon .	1
101	I like furniture , and more specifically wardrobes .	1
3666	I like Kawasakis more than bicycles .	1
4195	I like handbags more than earrings .	1
5816	I like trees , and more specifically oaks .	1
942	I like blackbirds , an interesting type of cat .	0
1954	I like trees , and animals too .	1
3067	I do not like pork , I prefer apples .	1
5666	I like parrots , and more specifically birds .	0
2076	I like wallpaper , and beds too .	1
4933	I like ships , except Harley-Davidson .	0
3373	He does not like love , he prefers stupidity .	1
4690	I like hamsters , except bobtails .	0
4464	I like biologists more than clerks .	1
69	I use cotton , and more specifically PVC .	0
1408	I like thrillers , an interesting type of boardgame .	0
5474	He likes emotions , but not sadness .	1
486	He trusts rumors , and more specifically his touch .	0
4596	He likes sadness , except logic .	0
1703	I like offices , an interesting type of waiter .	0
5221	I like seafood , but not crabs .	1
1157	I like parquet , an interesting type of chair .	0
4133	I like boardgames more than westerns .	1
3045	I do not like jewelry , I prefer techno .	1
1770	I like blackbirds , except dogs .	0
269	I like lard , and more specifically carrots .	0
865	I like Zinfandel , except water .	0
4130	I like westerns more than textbooks .	1
5125	I like boardgames , but not jazz .	1
1727	I met scientists , an interesting type of biologist .	0
4138	I like cats , except pets .	0
3341	He does not trust his taste , he prefers guesses .	1
3713	I like glasses more than skirts .	1
158	I like socks , except glasses .	0
4798	I like cats , but not ducks .	1
2746	I do not like Harley-Davidson , I prefer motorcycles .	0
934	I like birds , an interesting type of duck .	0
5766	I like shirts , and more specifically earrings .	0
3259	I do not like whales , I prefer cats .	1
1872	I like motorcycles , and airplanes too .	1
5052	I like paintings , but not beds .	1
4084	I like oysters more than seafood .	0
2131	I like rock , and food too .	1
4828	I like Harley-Davidson , but not ships .	1
3079	I do not like prosciutto , I prefer carrots .	1
2292	I like boardgames , and westerns too .	1
5116	I like music , but not food .	1
3625	I like pigs more than sparrows .	1
2948	I do not like wardrobes , I prefer furniture .	0
4815	I like blackbirds , but not dogs .	1
2710	I do not like pigs , I prefer parrots .	1
2428	He trusts his hearing , and his senses too .	0
584	I like music , and more specifically novels .	0
2286	I like westerns , and movies too .	0
4844	I like Suzukis , but not bicycles .	1
2640	I met caretakers , and physicists too .	1
2836	I do not like oaks , I prefer trees .	0
912	I like hamsters , an interesting type of beagle .	0
1734	I met scientists , an interesting type of caretaker .	0
1756	I met astronomers , an interesting type of janitor .	0
3596	I like parrots more than dogs .	1
118	I like socks , except shoes .	0
4239	I like dogs more than jellyfish .	1
398	I like rings , and more specifically jewelry .	0
3418	I do not like films , I prefer novels .	1
3747	I like movies , except textbooks .	0
4651	I like restaurants , except clerks .	0
915	I like beagles , an interesting type of rabbit .	0
5617	I like dogs , except bulldogs .	1
3826	I like chairs more than furniture .	0
651	I met professors , and more specifically restaurants .	0
2819	I do not like jewelry , I prefer socks .	1
4524	He trusts his hearing , except rumors .	0
5544	I like waiters , but not restaurants .	1
3306	He does not trust reconstructions , he prefers his sight .	1
1829	I like ducks , and cats too .	1
1245	I like rock , an interesting type of necklace .	0
3936	I like rock more than sports .	1
4668	I like offices , except waiters .	0
3389	I do not like textbooks , I prefer music .	1
2600	I met clerks , and biologists too .	1
3095	I do not like lard , I prefer broccoli .	1
4048	I like earrings , except handbags .	0
1572	He trusts his senses , an interesting type of touch .	0
3144	I do not like beef , I prefer caviar .	1
5176	I like apples , but not prosciutto .	1
2374	I like cats , and jellyfish too .	1
2622	I met janitors , and geneticists too .	1
3505	I do not like clerks , I prefer astronomers .	1
4405	I like films more than novels .	1
1789	I like dogs , and bobtails too .	0
3311	He does not trust his hearing , he prefers rumors .	1
4996	I use glass , but not vinyl .	1
4809	I like blackbirds , but not birds .	0
885	I like dogs , an interesting type of rabbit .	0
1760	I met physicists , an interesting type of scientist .	1
5571	I met clerks , but not biologists .	1
4163	I like videogames more than documentaries .	1
2583	I like restaurants , and caretakers too .	1
5145	I like music , but not blues .	1
759	I use PVC , except plastic .	0
2636	I met scientists , and physicists too .	0
1065	I like bushes , an interesting type of oak .	0
1477	I like handbags , an interesting type of earring .	0
3357	I like beef , except crabs .	0
400	I like rings , and more specifically scarfs .	0
3503	I like oysters , except seafood .	0
4813	I like blackbirds , but not pigs .	1
3170	I do not like westerns , I prefer textbooks .	1
3873	I like coca-cola more than Merlot .	1
2276	I like movies , and textbooks too .	1
1238	I like music , an interesting type of sport .	0
4210	I like rings more than glasses .	1
1302	I like pork , an interesting type of fish .	0
3309	He does not trust guesses , he prefers his sight .	1
889	I like bobtails , an interesting type of dog .	1
1499	I like giraffes , an interesting type of cat .	0
5092	I like coca-cola , but not Zinfandel .	1
416	I like pets , and more specifically jellyfish .	0
1862	I like motorcycles , and Harley-Davidson too .	0
4468	I like scientists more than clerks .	1
4256	I like dogs , except whales .	0
4233	I like giraffes more than dogs .	1
2045	I like furniture , and wallpaper too .	1
4978	I use nylon , but not plastic .	0
2254	I like veal , and oysters too .	1
1138	I use plastic , an interesting type of PVC .	0
3062	I do not like ham , I prefer broccoli .	1
4706	I met clerks , except geneticists .	0
772	I like furniture , except cutlery .	0
4342	He likes joy more than calculations .	1
4144	I like textbooks more than comedies .	1
1694	I like waiters , an interesting type of factory .	0
4802	I like hamsters , but not ducks .	1
1216	I like Chianti , an interesting type of wine .	1
2304	I like boardgames , and comedies too .	1
5675	I like parrots , and more specifically dogs .	0
5420	He trusts his senses , but not his touch .	1
1479	I like jewelry , an interesting type of earring .	0
2932	I do not like furniture , I prefer wallpaper .	1
5649	I like bulldogs , and more specifically parrots .	0
721	I like pines , except shrubs .	0
3359	He does not like fear , he prefers wisdom .	1
4064	I like veal more than salmon .	1
3736	I like grass more than birches .	1
1487	I like jewelry , except blues .	0
2870	I do not like pines , I prefer trees .	0
1226	I like Zinfandel , an interesting type of wine .	1
5629	I like huskies , and more specifically rabbits .	0
1155	I like furniture , an interesting type of wallpaper .	0
1333	I like bacon , an interesting type of carrots .	0
2561	I like workers , and restaurants too .	1
4026	I like prosciutto more than carrots .	1
949	I like pigs , an interesting type of blackbird .	0
3507	I do not like scientists , I prefer astronomers .	0
890	I like dogs , an interesting type of bobtail .	0
2947	I do not like cutlery , I prefer wardrobes .	1
1518	I like dogs , an interesting type of jellyfish .	0
2066	I like wallpaper , and wardrobes too .	1
2302	I like pork , except prosciutto .	1
4382	I like films more than textbooks .	1
31	I use polyester , and more specifically cotton .	0
5233	I like oysters , but not veal .	1
1725	I met clerks , an interesting type of biologist .	0
208	I like techno , and more specifically music .	0
5405	He trusts guesses , but not his sight .	1
4521	He trusts guesses , except his sight .	0
5821	I like oaks , and more specifically bushes .	0
3647	I like bicycles more than Suzukis .	1
2485	I like bacon , except apples .	0
2742	I do not like sparrows , I prefer dogs .	1
2567	I like workers , and offices too .	1
5504	I like essays , but not paintings .	1
4012	I like apples more than ham .	1
4176	I like bracelets more than glasses .	1
5203	I like bicycles , except enduros .	0
2596	I like schools , and professors too .	1
989	I like enduros , an interesting type of ship .	0
4162	I like documentaries more than videogames .	1
4559	He likes emotions , except wisdom .	0
1196	I like water , an interesting type of Merlot .	0
2012	I use glass , and nylon too .	1
4168	I like handbags more than bracelets .	1
969	I like motorcycles , an interesting type of ship .	0
2414	He trusts his senses , and his sight too .	0
786	I like cutlery , except tables .	0
3112	I do not like salmon , I prefer beef .	1
4344	I like whales , except hamsters .	0
3206	I do not like scarfs , I prefer bracelets .	1
4692	I met clerks , except biologists .	0
5784	I like bulldogs , except rabbits .	0
3136	I do not like chicken , I prefer caviar .	1
3319	He does not trust his hearing , he prefers guesses .	1
285	I like crabs , and more specifically chicken .	0
394	I like shoes , and more specifically earrings .	0
3903	I like Chianti more than water .	1
4465	I like clerks more than biologists .	1
4774	I like beagles , but not cats .	1
4242	I like whales more than dogs .	1
1366	I like seafood , an interesting type of crab .	0
5551	I like factories , but not caretakers .	1
3291	I like crabs , except chicken .	0
5564	I like professors , but not restaurants .	1
2553	I like paintings , and handbooks too .	1
1099	I like shrubs , an interesting type of pine .	0
5518	I like handbooks , but not books .	0
1301	I like pork , an interesting type of ham .	0
4960	I like shrubs , but not pines .	1
2091	I like beer , and Merlot too .	1
4792	I like parrots , but not pigs .	1
1675	I like handbooks , an interesting type of cartoon .	0
2184	I like pork , and apples too .	1
500	He trusts his taste , and more specifically his senses .	0
1228	I like Zinfandel , an interesting type of water .	0
3590	I like parrots more than hamsters .	1
2324	I like bracelets , and scarfs too .	1
1227	I like wine , an interesting type of Zinfandel .	0
4473	I like caretakers more than biologists .	1
475	He trusts his hearing , and more specifically his senses .	0
5725	I like Suzukis , and more specifically motorcycles .	0
4200	I like earrings more than glasses .	1
2102	I like beer , and Chardonnay too .	1
5028	I like tables , but not furniture .	0
4711	I met geneticists , except caretakers .	0
3069	I do not like carrots , I prefer ham .	1
4254	I like rabbits more than whales .	1
5073	I like Chardonnay , but not wine .	0
1842	I like birds , and blackbirds too .	0
1908	I like shirts , and jewelry too .	1
5522	I like handbooks , but not cartoons .	1
1093	I like trees , an interesting type of pine .	0
2082	I like wine , and Merlot too .	0
3535	I like caviar , except veal .	0
5549	I like offices , but not waiters .	1
5496	I like essays , but not music .	1
1023	I like clothes , an interesting type of earring .	0
3041	I do not like boardgames , I prefer techno .	1
91	I like furniture , and more specifically tables .	1
3024	I do not like jewelry , I prefer rock .	1
4451	I like schools more than caretakers .	1
3906	I like Chianti more than sprite .	1
1337	I like fish , an interesting type of lard .	0
5350	I like pets , but not jellyfish .	1
2417	He trusts reports , and his sight too .	1
301	I like oysters , and more specifically turkey .	0
541	He likes love , and more specifically stupidity .	0
4425	I like clerks more than restaurants .	1
4937	I like shrubs , but not birches .	1
2346	I like earrings , and jewelry too .	0
1374	I like techno , except boardgames .	0
592	I like novels , and more specifically paintings .	0
1919	I like trousers , and clothes too .	0
668	I met biologists , and more specifically janitors .	0
3667	I like bicycles more than Kawasakis .	1
918	I like parrots , an interesting type of cat .	0
5665	I like cats , and more specifically parrots .	0
3744	I like birches more than shrubs .	1
1984	I like trees , and pines too .	0
253	I like bacon , and more specifically pork .	0
5135	I like techno , but not boardgames .	1
1387	I like caviar , an interesting type of chicken .	0
315	I like huskies , except parrots .	0
5526	I like clerks , but not factories .	1
753	I use vinyl , except glass .	0
3837	I like furniture more than parquet .	1
2808	I do not like trousers , I prefer jewelry .	1
5646	I like dogs , and more specifically bulldogs .	1
728	I use polyester , except cotton .	0
2299	I like movies , and comedies too .	0
2502	He likes stupidity , and sadness too .	1
83	I like wallpaper , and more specifically chairs .	0
115	I like wallpaper , and more specifically beds .	0
921	I like birds , an interesting type of parrot .	0
1515	I like pets , an interesting type of dog .	0
1169	I like parquet , an interesting type of table .	0
4112	I like thrillers more than essays .	1
2843	I do not like bushes , I prefer oaks .	1
3014	I do not like rock , I prefer music .	0
2440	He trusts his touch , and his senses too .	0
234	I like pork , and more specifically broccoli .	0
4033	I like broccoli more than bacon .	1
1074	I like birches , an interesting type of animal .	0
3447	I do not like waiters , I prefer factories .	1
1179	I like parquet , an interesting type of wardrobe .	0
5662	I like rabbits , and more specifically beagles .	0
1927	I like socks , and pets too .	1
3346	He does not like emotions , he prefers joy .	0
625	I met waiters , and more specifically factories .	0
3254	I do not like pets , I prefer bears .	1
231	I like pork , and more specifically fish .	0
360	I like bracelets , and more specifically handbags .	0
1171	I like cutlery , an interesting type of wardrobe .	0
3134	I do not like beef , I prefer oysters .	1
2369	I like pets , and giraffes too .	1
4619	I like essays , except films .	0
3303	He does not trust reports , he prefers his sight .	1
1602	I like birds , except blackbirds .	1
3840	I like tables more than cutlery .	1
5802	I like skirts , and more specifically jewelry .	0
959	I like pigs , an interesting type of sparrow .	0
765	I use PVC , except leather .	0
2083	I like wine , and coca-cola too .	1
2395	I like rabbits , and bears too .	1
3456	I do not like offices , I prefer waiters .	1
3028	I do not like jazz , I prefer music .	0
2671	I do not like bobtails , I prefer cats .	1
644	I met schools , and more specifically caretakers .	0
1594	He likes joy , an interesting type of stupidity .	0
1970	I like shrubs , and birches too .	1
3945	I like food more than rock .	1
3201	I do not like handbags , I prefer bracelets .	1
3977	I like handbags , except bracelets .	0
3263	I do not like dogs , I prefer pets .	0
2486	He likes love , and wisdom too .	1
3056	I like cats , except huskies .	0
3915	I like wine more than Zinfandel .	0
1064	I like oaks , an interesting type of bush .	0
634	I met offices , and more specifically waiters .	0
3533	I like caviar , except seafood .	0
3609	I like cats more than blackbirds .	1
3082	I do not like fish , I prefer bacon .	1
87	I like furniture , and more specifically parquet .	0
5656	I like dogs , and more specifically beagles .	1
178	I like rock , and more specifically sports .	0
2311	I like documentaries , and textbooks too .	1
5830	I like trees , and more specifically birches .	1
493	He trusts reconstructions , and more specifically his touch .	0
3238	I do not like handbags , I prefer rings .	1
3756	I like firs more than bushes .	1
2036	I like cutlery , and chairs too .	1
3767	I like pines more than animals .	1
847	I like Chardonnay , except sprite .	0
2912	I do not like PVC , I prefer wood .	1
3720	I like trees more than grass .	1
67	I use plastic , and more specifically PVC .	1
4367	He likes wisdom more than sadness .	1
841	I like coca-cola , except Chardonnay .	0
2383	I like dogs , and pets too .	0
3020	I do not like rock , I prefer food .	1
4611	I like textbooks , except paintings .	0
5248	I like caviar , but not beef .	1
827	I like wine , except Merlot .	1
3393	I do not like books , I prefer music .	1
1615	He likes wisdom , an interesting type of love .	0
424	I like dogs , and more specifically bears .	0
5026	I like tables , but not cutlery .	1
3330	He does not trust reconstructions , he prefers his touch .	1
5326	I like earrings , but not glasses .	1
544	He likes logic , and more specifically love .	0
638	I met factories , and more specifically caretakers .	0
2997	I do not like Chianti , I prefer sprite .	1
2631	I met astronomers , and janitors too .	1
4452	I like caretakers more than offices .	1
4180	I like shoes more than bracelets .	1
518	He likes emotions , and more specifically stupidity .	0
2101	I like Chardonnay , and beer too .	1
3107	I do not like veal , I prefer salmon .	1
1605	He likes wisdom , an interesting type of fear .	0
5284	I like comedies , but not videogames .	1
1887	I like enduros , and bicycles too .	1
804	I like paintings , except wardrobes .	0
1929	I like socks , and clothes too .	0
777	I like wallpaper , except chairs .	0
3267	I do not like dogs , I prefer jellyfish .	1
631	I met waiters , and more specifically schools .	0
3248	I do not like giraffes , I prefer cats .	1
2545	I like music , and handbooks too .	1
1522	I like rabbits , an interesting type of giraffe .	0
5105	I like bicycles , except Suzukis .	0
4797	I like ducks , but not cats .	1
4712	I met caretakers , except geneticists .	0
5184	I like broccoli , but not bacon .	1
2001	I use plastic , and glass too .	1
2964	I do not like beds , I prefer parquet .	1
4444	I like caretakers more than factories .	1
3550	I like dogs more than rabbits .	1
4516	He trusts his senses , except reports .	0
3240	I do not like jewelry , I prefer rings .	0
10	I like firs , and more specifically shrubs .	0
160	I like Zinfandel , and more specifically coca-cola .	0
5332	I like rings , but not jewelry .	0
181	I like music , and more specifically rock .	1
3889	I like wine more than Chardonnay .	0
174	I like skirts , except clothes .	0
3659	I like trains more than enduros .	1
4306	He trusts rumors more than his touch .	1
605	I like handbooks , and more specifically paintings .	0
4628	I like books , except novels .	1
5447	He likes emotions , but not logic .	1
4408	I like novels more than paintings .	1
2231	I like veal , and salmon too .	1
2032	I use glass , and PVC too .	1
2378	I like whales , and cats too .	1
4582	He likes love , except emotions .	0
2167	I like ham , except fish .	0
1959	I like shrubs , and oaks too .	1
1699	I like restaurants , an interesting type of waiter .	0
4279	He trusts rumors more than his sight .	1
4024	I like prosciutto more than apples .	1
3414	I do not like music , I prefer novels .	1
406	I like cats , and more specifically giraffes .	0
3276	I do not like bears , I prefer rabbits .	1
857	I like Chianti , except sprite .	0
3867	I like paintings more than beds .	1
5200	I like ships , except enduros .	0
4562	He likes emotions , except stupidity .	0
2798	I do not like glasses , I prefer shirts .	1
4666	I like schools , except waiters .	0
832	I like wine , except water .	0
5319	I like shoes , but not necklaces .	1
1174	I like wardrobes , an interesting type of painting .	0
2953	I do not like wallpaper , I prefer wardrobes .	1
2411	He trusts his sight , and rumors too .	1
3515	I do not like physicists , I prefer clerks .	1
1295	I like music , except jazz .	1
5252	I like thrillers , but not essays .	1
1154	I like wallpaper , an interesting type of chair .	0
3409	I do not like essays , I prefer cartoons .	1
1607	He likes emotions , an interesting type of fear .	0
4732	I met caretakers , except physicists .	0
5335	I like scarfs , but not rings .	1
5744	I like ships , and more specifically Kawasakis .	0
4568	He likes emotions , except calculations .	0
5068	I like Merlot , but not beer .	1
440	I like whales , and more specifically rabbits .	0
310	I like veal , and more specifically caviar .	0
1708	I like caretakers , an interesting type of restaurant .	0
1545	He trusts rumors , an interesting type of sight .	0
162	I like Zinfandel , and more specifically wine .	0
383	I like necklaces , and more specifically shoes .	0
2980	I do not like wine , I prefer beer .	1
3302	He does not trust his sight , he prefers reports .	1
1581	He trusts his taste , an interesting type of sense .	1
5328	I like earrings , but not shoes .	1
3258	I do not like cats , I prefer whales .	1
2548	I like handbooks , and films too .	1
1290	I like jewelry , except rock .	0
3930	I like documentaries , except textbooks .	0
1028	I like trousers , an interesting type of jewelry .	0
4578	He likes calculations , except fear .	0
5078	I like sprite , but not Chardonnay .	1
1142	I use glass , an interesting type of PVC .	0
882	I like dogs , an interesting type of parrot .	0
3049	I do not like music , I prefer blues .	0
2559	I like clerks , and restaurants too .	1
2310	I like movies , and documentaries too .	0
1096	I like pines , an interesting type of bush .	0
1579	He trusts his taste , an interesting type of rumor .	0
4001	I like glasses , except necklaces .	0
3183	I do not like textbooks , I prefer comedies .	1
1574	He trusts reports , an interesting type of touch .	0
1073	I like trees , an interesting type of birch .	0
4087	I like veal more than oysters .	1
5369	I like rabbits , but not pets .	0
386	I like handbags , and more specifically earrings .	0
2898	I do not like nylon , I prefer glass .	1
2202	I like bacon , and pork too .	0
2344	I like earrings , and handbags too .	1
498	He trusts his taste , and more specifically rumors .	0
196	I like jazz , and more specifically music .	0
1341	I like broccoli , an interesting type of lard .	0
2605	I met waiters , and biologists too .	1
2207	I like bacon , and apples too .	1
4749	I like dogs , but not parrots .	1
4255	I like whales more than rabbits .	1
2656	I like hamsters , except sparrows .	0
5510	I like novels , but not films .	1
4769	I like hamsters , but not bulldogs .	1
12	I like trousers , except clothes .	0
1024	I like trousers , an interesting type of pet .	0
3448	I do not like factories , I prefer waiters .	1
4631	I like novels , except cartoons .	0
4453	I like offices more than caretakers .	1
3215	I do not like jewelry , I prefer shoes .	1
3638	I like motorcycles more than trains .	1
3143	I do not like caviar , I prefer beef .	1
4995	I use vinyl , but not glass .	1
2791	I do not like shirts , I prefer clothes .	0
5479	He likes sadness , but not calculations .	1
2266	I like turkey , and caviar too .	1
768	I like chairs , except cutlery .	0
871	I like huskies , except cats .	0
4309	He trusts his touch more than reports .	1
1143	I use PVC , an interesting type of leather .	0
4882	I like trousers , but not shoes .	1
4840	I like motorcycles , but not Kawasakis .	1
2437	I like bacon , except pork .	0
954	I like sparrows , an interesting type of bird .	1
3938	I like rock more than music .	0
263	I like lard , and more specifically pork .	0
941	I like ducks , except birds .	0
5059	I like Merlot , but not wine .	0
2294	I like videogames , and westerns too .	1
1032	I like trousers , an interesting type of earring .	0
3458	I do not like factories , I prefer caretakers .	1
4518	He trusts reconstructions , except his sight .	0
623	I met workers , and more specifically offices .	0
264	I like pork , and more specifically lard .	1
3232	I like seafood , except beef .	0
2412	He trusts rumors , and his sight too .	1
1107	I use plastic , an interesting type of cotton .	0
3326	He does not trust his touch , he prefers reports .	1
2142	I like boardgames , and jazz too .	1
3615	I like pigs more than blackbirds .	1
5645	I like bulldogs , and more specifically dogs .	0
4105	I like jewelry , except rings .	1
737	I use nylon , except wood .	0
1557	He trusts his senses , an interesting type of guess .	0
1020	I like clothes , an interesting type of glass .	0
4316	I like hamsters , except bears .	0
1095	I like animals , an interesting type of pine .	0
1852	I like birds , and sparrows too .	0
299	I like oysters , and more specifically veal .	0
999	I like Kawasakis , an interesting type of ship .	0
5577	I met scientists , but not waiters .	1
419	I like pets , and more specifically whales .	0
3271	I do not like rabbits , I prefer giraffes .	1
5484	I like textbooks , but not books .	0
4291	He trusts his senses more than guesses .	1
290	I like veal , and more specifically crabs .	0
4885	I like clothes , but not trousers .	1
3023	I do not like rock , I prefer jewelry .	1
4850	I like enduros , but not ships .	1
611	I met clerks , and more specifically workers .	0
2155	I like techno , and jewelry too .	1
791	I like birds , except parrots .	1
3365	He does not like fear , he prefers logic .	1
5195	I like lard , but not apples .	1
973	I like Harley-Davidson , an interesting type of train .	0
251	I like bacon , and more specifically fish .	0
5614	I met janitors , but not physicists .	1
1125	I use wood , an interesting type of vinyl .	0
3312	He does not trust rumors , he prefers his hearing .	1
4861	I like Kawasakis , but not motorcycles .	0
4003	I like fish more than ham .	1
4609	I like cartoons , except textbooks .	0
3223	I do not like glasses , I prefer necklaces .	1
207	I like sports , and more specifically techno .	0
4398	I like essays more than paintings .	1
3520	I do not like waiters , I prefer physicists .	1
5793	I like glasses , and more specifically socks .	0
4777	I like dogs , but not beagles .	1
26	I use polyester , and more specifically wood .	0
3524	I do not like physicists , I prefer janitors .	1
4082	I like oysters more than chicken .	1
5239	I like beef , but not oysters .	1
1237	I like music , an interesting type of rock .	0
1371	I like turkey , an interesting type of crabs .	0
382	I like glasses , and more specifically necklaces .	0
68	I use PVC , and more specifically cotton .	0
5661	I like beagles , and more specifically rabbits .	0
5298	I like bracelets , but not jewelry .	0
1584	He trusts reports , an interesting type of taste .	0
2538	I like novels , and films too .	1
403	I like glasses , and more specifically rings .	0
4490	I like astronomers more than scientists .	0
84	I like furniture , and more specifically wallpaper .	0
4584	He likes love , except stupidity .	0
5623	I like huskies , and more specifically hamsters .	0
2959	I do not like furniture , I prefer beds .	0
4501	I like scientists more than physicists .	0
4303	I like giraffes , except hamsters .	0
1224	I like Zinfandel , an interesting type of coca-cola .	0
2259	I like caviar , and chicken too .	1
2741	I do not like pigs , I prefer sparrows .	1
2295	I like prosciutto , except pork .	0
3163	I do not like thrillers , I prefer videogames .	1
3078	I do not like apples , I prefer prosciutto .	1
5794	I like socks , and more specifically earrings .	0
2466	He likes joy , and stupidity too .	1
4281	He trusts his senses more than his sight .	0
851	I like Chianti , except coca-cola .	0
2761	I do not like motorcycles , I prefer Suzukis .	0
4773	I like rabbits , but not bulldogs .	1
107	I like parquet , and more specifically wardrobes .	0
4971	I use glass , but not polyester .	1
3879	I like wine more than water .	1
458	He trusts his senses , and more specifically his sight .	1
3461	I do not like caretakers , I prefer restaurants .	1
2784	I do not like Kawasakis , I prefer trains .	1
1488	I like rings , an interesting type of handbag .	0
2011	I use nylon , and glass too .	1
3228	I do not like earrings , I prefer jewelry .	0
226	I like jewelry , and more specifically blues .	0
1592	He likes emotions , an interesting type of joy .	0
3142	I do not like turkey , I prefer caviar .	1
998	I like planes , an interesting type of enduro .	0
2849	I do not like grass , I prefer birches .	1
2000	I use glass , and polyester too .	1
862	I like coca-cola , except Zinfandel .	0
2907	I do not like cotton , I prefer vinyl .	1
1293	I like sports , except jazz .	0
1359	I like techno , except sports .	0
2693	I do not like beagles , I prefer dogs .	0
3241	I do not like rings , I prefer scarfs .	1
1758	I met physicists , an interesting type of clerk .	0
1963	I like birches , and trees too .	0
2793	I do not like clothes , I prefer pets .	1
2084	I like Merlot , and water too .	1
5670	I like hamsters , and more specifically parrots .	0
1431	I like boardgames , an interesting type of comedy .	0
2092	I like wine , and beer too .	1
4424	I like workers more than factories .	1
5513	I like cartoons , but not novels .	1
4935	I like bushes , but not birches .	1
2396	I like bears , and rabbits too .	1
2305	I like comedies , and videogames too .	1
3268	I do not like jellyfish , I prefer dogs .	1
1762	I met physicists , an interesting type of waiter .	0
1681	I like factories , an interesting type of clerk .	0
3400	I do not like textbooks , I prefer paintings .	1
1276	I like rock , except food .	0
3429	I do not like handbooks , I prefer cartoons .	1
293	I like crabs , and more specifically beef .	0
633	I met waiters , and more specifically offices .	0
2110	I like sprite , and Chianti too .	1
2767	I do not like planes , I prefer Suzukis .	1
4726	I met clerks , except physicists .	0
5193	I like lard , but not broccoli .	1
1678	I like paintings , an interesting type of handbook .	0
725	I use polyester , except plastic .	0
2340	I like glasses , and necklaces too .	1
155	I like sprite , and more specifically Chianti .	0
1439	I like documentaries , an interesting type of movie .	1
2038	I like furniture , and chairs too .	0
5779	I like trousers , and more specifically glasses .	0
4775	I like cats , but not beagles .	1
836	I like Merlot , except beer .	0
5789	I like socks , and more specifically jewelry .	0
3431	I do not like handbooks , I prefer paintings .	1
4056	I like earrings , except shoes .	0
5074	I like wine , but not Chardonnay .	1
5773	I like pets , and more specifically trousers .	0
2478	He likes emotions , and fear too .	0
468	He trusts guesses , and more specifically his sight .	0
3317	He does not trust his hearing , he prefers reconstructions .	1
4738	I like bobtails , except rabbits .	0
3584	I like rabbits more than beagles .	1
849	I like Chardonnay , except beer .	0
4097	I like caviar more than veal .	1
1542	I like blackbirds , except cats .	0
547	He likes sadness , and more specifically wisdom .	0
2608	I met caretakers , and biologists too .	1
5349	I like jellyfish , but not cats .	1
1507	I like jellyfish , an interesting type of cat .	0
4437	I like workers more than waiters .	0
5398	He trusts his sight , but not reports .	1
4151	I like cats , except bears .	0
3995	I like handbags , except necklaces .	0
2095	I like Chardonnay , and wine too .	0
1262	I like music , except sports .	0
3630	I like Harley-Davidson more than motorcycles .	0
2634	I met clerks , and physicists too .	1
788	I like furniture , except tables .	1
5403	He trusts his senses , but not reconstructions .	1
2896	I do not like nylon , I prefer cotton .	1
443	I like hamsters , and more specifically pets .	0
1788	I like bobtails , and dogs too .	0
536	He likes calculations , and more specifically fear .	0
1879	I like Suzukis , and trains too .	1
1667	I like novels , an interesting type of painting .	0
981	I like Suzukis , an interesting type of motorcycle .	1
1062	I like animals , an interesting type of oak .	0
2122	I like beer , and Zinfandel too .	1
3765	I like pines more than trees .	0
95	I like wallpaper , and more specifically tables .	0
3333	He does not trust his taste , he prefers rumors .	1
5147	I like boardgames , but not blues .	1
5676	I like birds , and more specifically dogs .	0
2944	I do not like tables , I prefer parquet .	1
2897	I do not like cotton , I prefer nylon .	1
1800	I like bulldogs , and hamsters too .	1
255	I like bacon , and more specifically broccoli .	0
1843	I like blackbirds , and hamsters too .	1
3976	I like boardgames more than blues .	1
3205	I do not like bracelets , I prefer scarfs .	1
1468	I like jewelry , an interesting type of necklace .	0
3289	I do not like hamsters , I prefer whales .	1
5426	He trusts guesses , but not his touch .	1
2699	I do not like beagles , I prefer rabbits .	1
3719	I like trees more than oaks .	0
779	I like chairs , except parquet .	0
286	I like chicken , and more specifically crabs .	0
1625	He likes wisdom , an interesting type of sadness .	0
5120	I like jazz , but not sports .	1
4055	I like glasses , except earrings .	0
606	I like paintings , and more specifically handbooks .	0
3017	I do not like rock , I prefer boardgames .	1
154	I like Chianti , and more specifically sprite .	0
1514	I like dogs , an interesting type of pet .	1
4219	I like cats more than bears .	1
167	I like sprite , and more specifically Zinfandel .	0
1577	He trusts his touch , an interesting type of guess .	0
5753	I like shirts , except shoes .	0
250	I like carrots , and more specifically prosciutto .	0
351	I like essays , and more specifically documentaries .	0
5365	I like whales , but not dogs .	1
4898	I like socks , but not glasses .	1
3137	I do not like caviar , I prefer seafood .	0
1016	I like jewelry , an interesting type of shirt .	0
5807	I like earrings , and more specifically skirts .	0
477	He trusts his hearing , and more specifically reports .	0
800	I like cutlery , except wardrobes .	0
4718	I met scientists , except astronomers .	1
4373	He likes logic more than sadness .	1
4843	I like Suzukis , but not motorcycles .	0
2884	I do not like cotton , I prefer polyester .	1
4136	I like cats , except giraffes .	0
4177	I like glasses more than bracelets .	1
1866	I like motorcycles , and bicycles too .	1
3221	I do not like scarfs , I prefer necklaces .	1
2924	I do not like chairs , I prefer furniture .	0
1312	I like jazz , except food .	0
2584	I like caretakers , and schools too .	1
1490	I like rings , an interesting type of jewelry .	1
2831	I do not like glasses , I prefer skirts .	1
2195	I like prosciutto , and apples too .	1
1121	I use glass , an interesting type of nylon .	0
4160	I like documentaries more than boardgames .	1
5752	I like planes , and more specifically Kawasakis .	0
1160	I like tables , an interesting type of cutlery .	0
4327	He trusts guesses more than his taste .	1
2136	I like music , and jewelry too .	1
3375	He does not like love , he prefers logic .	1
1088	I like firs , an interesting type of shrub .	0
3325	He does not trust his senses , he prefers his touch .	0
4438	I like waiters more than restaurants .	1
5209	I like salmon , but not veal .	1
3469	I do not like professors , I prefer workers .	0
4389	I like books more than paintings .	1
5424	He trusts reconstructions , but not his touch .	1
4347	He likes wisdom more than fear .	1
2981	I do not like Chardonnay , I prefer coca-cola .	1
1527	I like bears , an interesting type of rabbit .	0
5175	I like prosciutto , but not apples .	1
797	I like parrots , except hamsters .	0
2543	I like paintings , and novels too .	1
1296	I like jazz , except boardgames .	0
4590	He likes sadness , except wisdom .	0
2847	I do not like trees , I prefer shrubs .	1
1578	He trusts guesses , an interesting type of touch .	0
2048	I like furniture , and parquet too .	1
435	I like rabbits , and more specifically bears .	0
1593	He likes emotions , an interesting type of wisdom .	0
4330	He likes joy more than wisdom .	1
1909	I like jewelry , and shirts too .	1
1947	I like oaks , and grass too .	1
5750	I like trains , and more specifically Kawasakis .	0
5075	I like Chardonnay , but not water .	1
5687	I like blackbirds , and more specifically cats .	0
1642	I like textbooks , an interesting type of cartoon .	0
3343	He does not like joy , he prefers wisdom .	1
2961	I do not like paintings , I prefer beds .	1
5449	He likes calculations , but not joy .	1
3444	I do not like clerks , I prefer offices .	1
1239	I like rock , an interesting type of boardgame .	0
1184	I like beds , an interesting type of painting .	0
658	I met clerks , and more specifically biologists .	0
4993	I use cotton , but not vinyl .	1
4116	I like movies more than essays .	1
3960	I like techno more than sports .	1
2296	I like comedies , and essays too .	1
3371	He does not like love , he prefers emotions .	0
2749	I do not like Harley-Davidson , I prefer bicycles .	1
5262	I like movies , but not boardgames .	1
2080	I like coca-cola , and Merlot too .	1
2300	I like comedies , and textbooks too .	1
3753	I like firs more than animals .	1
2005	I use nylon , and wood too .	1
451	I like dogs , except beagles .	1
3026	I do not like jazz , I prefer sports .	1
2189	I like fish , and prosciutto too .	1
1683	I like workers , an interesting type of clerk .	0
1317	I like prosciutto , an interesting type of broccoli .	0
569	I like paintings , and more specifically textbooks .	0
2892	I do not like nylon , I prefer wood .	1
1871	I like planes , and Harley-Davidson too .	1
5433	He trusts his taste , but not reconstructions .	1
572	I like music , and more specifically essays .	0
5422	He trusts reports , but not his touch .	1
370	I like jewelry , and more specifically glasses .	0
3054	I do not like blues , I prefer jewelry .	1
1382	I like oysters , an interesting type of turkey .	0
3019	I do not like music , I prefer boardgames .	1
1058	I like oaks , an interesting type of tree .	1
944	I like blackbirds , an interesting type of bird .	1
2357	I like rings , and jewelry too .	0
122	I like wine , and more specifically Merlot .	1
1656	I like essays , an interesting type of painting .	0
904	I like parrots , an interesting type of bulldog .	0
3427	I do not like handbooks , I prefer films .	1
1731	I met scientists , an interesting type of waiter .	0
4727	I met physicists , except scientists .	0
5798	I like skirts , and more specifically pets .	0
3430	I do not like cartoons , I prefer handbooks .	1
1347	I like chicken , an interesting type of salmon .	0
509	I like oaks , except shrubs .	0
4892	I like socks , but not shoes .	1
2576	I like waiters , and offices too .	1
3764	I like grass more than pines .	1
5329	I like shoes , but not earrings .	1
3285	I do not like hamsters , I prefer bears .	1
4396	I like essays more than cartoons .	1
4618	I like books , except essays .	1
3209	I do not like bracelets , I prefer glasses .	1
723	I use polyester , except wood .	0
4022	I like prosciutto more than broccoli .	1
34	I use polyester , and more specifically glass .	0
1081	I like grass , an interesting type of fir .	0
1263	I like rock , except boardgames .	0
1070	I like birches , an interesting type of grass .	0
4050	I like earrings , except jewelry .	0
1405	I like thrillers , an interesting type of textbook .	0
3516	I do not like clerks , I prefer physicists .	1
2686	I do not like hamsters , I prefer bulldogs .	1
1469	I like necklaces , an interesting type of scarf .	0
1136	I use wood , an interesting type of PVC .	0
5246	I like caviar , but not turkey .	1
1555	He trusts his sight , an interesting type of guess .	0
4997	I use vinyl , but not leather .	1
5188	I like carrots , but not bacon .	1
2382	I like giraffes , and dogs too .	1
3331	He does not trust his touch , he prefers guesses .	1
968	I like motorcycles , an interesting type of Harley-Davidson .	0
5270	I like westerns , but not textbooks .	1
5664	I like parrots , and more specifically cats .	0
4546	He trusts his taste , except his senses .	0
2222	I like ham , except carrots .	0
2651	I like lard , except apples .	0
142	I like socks , except jewelry .	0
2740	I do not like sparrows , I prefer pigs .	1
2683	I do not like bulldogs , I prefer dogs .	0
588	I like films , and more specifically novels .	0
104	I like wardrobes , and more specifically wallpaper .	0
802	I like furniture , except wardrobes .	1
4573	He likes fear , except stupidity .	0
1323	I like carrots , an interesting type of prosciutto .	0
2391	I like rabbits , and giraffes too .	1
3358	He does not like emotions , he prefers calculations .	1
3260	I do not like pets , I prefer whales .	1
3617	I like dogs more than blackbirds .	1
2450	He trusts rumors , and his taste too .	1
560	I like books , and more specifically textbooks .	1
894	I like parrots , an interesting type of bobtail .	0
5545	I like restaurants , but not waiters .	1
4207	I like jewelry more than rings .	0
16	I like pines , and more specifically trees .	0
5815	I like oaks , and more specifically trees .	0
4638	I like books , except handbooks .	1
3618	I like sparrows more than cats .	1
692	I met clerks , and more specifically physicists .	0
3517	I do not like physicists , I prefer scientists .	0
1801	I like hamsters , and bulldogs too .	1
3282	I do not like giraffes , I prefer hamsters .	1
3981	I like jewelry more than blues .	1
4863	I like bicycles , but not Kawasakis .	1
197	I like music , and more specifically jazz .	1
4826	I like dogs , but not sparrows .	1
2962	I do not like beds , I prefer wallpaper .	1
546	He likes calculations , and more specifically love .	0
3002	I do not like coca-cola , I prefer Zinfandel .	1
3920	I like Zinfandel more than beer .	1
341	I like essays , and more specifically comedies .	0
4506	I like physicists more than janitors .	1
4224	I like pets more than jellyfish .	1
2604	I met biologists , and waiters too .	1
5448	He likes joy , but not calculations .	1
433	I like rabbits , and more specifically pets .	0
2606	I met scientists , and waiters too .	1
2557	I like workers , and clerks too .	0
389	I like earrings , and more specifically scarfs .	0
2322	I like jewelry , and bracelets too .	0
4750	I like huskies , but not rabbits .	1
3437	I do not like workers , I prefer factories .	1
660	I met scientists , and more specifically biologists .	1
1332	I like apples , an interesting type of bacon .	0
1994	I use plastic , and polyester too .	0
166	I like Zinfandel , and more specifically sprite .	0
1149	I like furniture , an interesting type of cutlery .	0
4010	I like pork more than broccoli .	1
2569	I like factories , and waiters too .	1
3521	I like oysters , except veal .	0
5291	I like textbooks , but not documentaries .	1
2726	I do not like blackbirds , I prefer birds .	0
3110	I do not like turkey , I prefer salmon .	1
3465	I do not like caretakers , I prefer offices .	1
2116	I like wine , and Zinfandel too .	0
3800	I use vinyl more than plastic .	0
2659	I do not like huskies , I prefer dogs .	0
1816	I like parrots , and cats too .	1
1503	I like cats , an interesting type of bear .	0
4005	I like pork more than ham .	0
3496	I do not like geneticists , I prefer waiters .	1
3597	I like birds more than dogs .	1
3964	I like techno more than boardgames .	1
4310	He trusts reports more than his touch .	1
4505	I like caretakers more than physicists .	1
1733	I met caretakers , an interesting type of biologist .	0
3416	I do not like books , I prefer novels .	0
195	I like sports , and more specifically jazz .	0
1265	I like techno , an interesting type of sport .	0
1314	I like fish , an interesting type of prosciutto .	0
2028	I use plastic , and PVC too .	0
4190	I like necklaces more than glasses .	1
1643	I like cartoons , an interesting type of textbook .	0
5630	I like rabbits , and more specifically huskies .	0
646	I met offices , and more specifically caretakers .	0
1066	I like trees , an interesting type of bush .	0
3973	I like blues more than music .	0
782	I like furniture , except parquet .	0
4644	I like paintings , except handbooks .	0
1779	I like dogs , and hamsters too .	1
4938	I like Harley-Davidson , except motorcycles .	0
413	I like pets , and more specifically bears .	0
712	I like rabbits , except beagles .	0
345	I like textbooks , and more specifically comedies .	0
5376	I like whales , but not rabbits .	1
252	I like fish , and more specifically bacon .	0
4462	I like professors more than offices .	1
2822	I do not like socks , I prefer earrings .	1
5776	I like trousers , and more specifically jewelry .	0
230	I like pork , and more specifically ham .	1
2421	He trusts his senses , and reconstructions too .	1
116	I like beds , and more specifically parquet .	0
4218	I like pets more than giraffes .	1
3799	I use wood more than vinyl .	1
5738	I like bicycles , and more specifically enduros .	0
1249	I like sports , except rock .	0
1470	I like scarfs , an interesting type of necklace .	0
2727	I do not like birds , I prefer blackbirds .	0
727	I use plastic , except wood .	0
1905	I like shirts , and clothes too .	0
594	I like birches , except trees .	0
5390	I like trains , except Kawasakis .	0
5048	I like cutlery , but not beds .	1
2687	I do not like bulldogs , I prefer parrots .	1
222	I like boardgames , and more specifically blues .	0
1087	I like bushes , an interesting type of fir .	0
3320	He does not trust guesses , he prefers his hearing .	1
2731	I do not like pigs , I prefer blackbirds .	1
5829	I like birches , and more specifically trees .	0
1199	I like sprite , an interesting type of Merlot .	0
4771	I like parrots , but not bulldogs .	1
497	I like bushes , except oaks .	0
1950	I like trees , and oaks too .	0
2713	I do not like birds , I prefer dogs .	1
520	He likes logic , and more specifically joy .	0
911	I like beagles , an interesting type of hamster .	0
1997	I use cotton , and polyester too .	1
2097	I like Chardonnay , and water too .	1
3883	I like Merlot more than beer .	1
2515	I like books , and films too .	1
1061	I like oaks , an interesting type of animal .	0
2199	I like ham , except apples .	0
4127	I like essays more than westerns .	1
1147	I like chairs , an interesting type of furniture .	1
920	I like parrots , an interesting type of bird .	1
375	I like necklaces , and more specifically handbags .	0
1046	I like pets , an interesting type of skirt .	0
4837	I like motorcycles , but not enduros .	1
966	I like ships , an interesting type of Harley-Davidson .	0
936	I like hamsters , an interesting type of duck .	0
2255	I like oysters , and turkey too .	1
1465	I like necklaces , an interesting type of handbag .	0
5835	I like birches , and more specifically shrubs .	0
2950	I do not like wardrobes , I prefer paintings .	1
4740	I like cats , but not huskies .	1
4926	I like trees , but not shrubs .	1
4522	He trusts his senses , except guesses .	0
2385	I like dogs , and bears too .	1
3707	I like pets more than skirts .	1
2244	I like veal , and crabs too .	1
4152	I like bears , except cats .	0
5667	I like birds , and more specifically parrots .	1
3741	I like thrillers , except textbooks .	0
3591	I like hamsters more than parrots .	1
1068	I like shrubs , an interesting type of oak .	0
4117	I like thrillers more than textbooks .	1
3959	I like jewelry more than jazz .	1
1315	I like prosciutto , an interesting type of pork .	1
4037	I like carrots more than bacon .	1
1558	He trusts his hearing , an interesting type of rumor .	0
5021	I like furniture , but not wallpaper .	1
2730	I do not like blackbirds , I prefer pigs .	1
3287	I do not like hamsters , I prefer jellyfish .	1
2880	I do not like polyester , I prefer plastic .	0
2406	I like bears , and hamsters too .	1
2330	I like bracelets , and shoes too .	1
4662	I like workers , except waiters .	1
1824	I like parrots , and pigs too .	1
1880	I like trains , and Suzukis too .	1
60	I use vinyl , and more specifically glass .	0
2331	I like shoes , and bracelets too .	1
1635	I like music , an interesting type of textbook .	0
5227	I like beef , but not crabs .	1
209	I like music , and more specifically techno .	1
5132	I like sports , but not techno .	1
2766	I do not like Suzukis , I prefer airplanes .	1
3406	I do not like books , I prefer essays .	0
89	I like cutlery , and more specifically tables .	0
1071	I like grass , an interesting type of birch .	0
2653	I like lard , except carrots .	0
173	I like shoes , except skirts .	0
816	I like beds , except paintings .	0
3581	I like beagles more than parrots .	1
2023	I use vinyl , and leather too .	1
3419	I do not like novels , I prefer cartoons .	1
4504	I like physicists more than caretakers .	1
707	I like beagles , except rabbits .	0
5057	I like Merlot , but not coca-cola .	1
955	I like birds , an interesting type of sparrow .	0
329	I like movies , and more specifically videogames .	0
3526	I like veal , except oysters .	0
1697	I like workers , an interesting type of waiter .	0
513	He likes joy , and more specifically emotions .	0
4229	I like giraffes , except dogs .	0
683	I met astronomers , and more specifically scientists .	0
109	I like cutlery , and more specifically beds .	0
464	He trusts his sight , and more specifically reconstructions .	0
3967	I like food more than techno .	1
2958	I do not like beds , I prefer furniture .	0
3718	I like oaks more than trees .	0
121	I like Merlot , and more specifically wine .	0
1754	I met astronomers , an interesting type of caretaker .	0
3740	I like animals more than birches .	1
1960	I like trees , and shrubs too .	1
3443	I do not like workers , I prefer schools .	1
2183	I like apples , and ham too .	1
4532	He trusts his hearing , except guesses .	0
5826	I like trees , and more specifically shrubs .	0
2652	I like apples , except lard .	0
5765	I like clothes , and more specifically glasses .	0
1617	He likes emotions , an interesting type of love .	0
635	I like birches , except shrubs .	0
4393	I like books more than essays .	0
4911	I like earrings , but not skirts .	1
5820	I like trees , and more specifically animals .	0
642	I met restaurants , and more specifically caretakers .	0
1444	I like documentaries , an interesting type of boardgame .	0
5597	I met astronomers , but not scientists .	0
5714	I like Harley-Davidson , and more specifically bicycles .	0
2039	I like furniture , and cutlery too .	1
3540	I like dogs more than huskies .	0
4041	I like pork more than lard .	0
3193	I do not like documentaries , I prefer textbooks .	1
1208	I like Chardonnay , an interesting type of water .	0
3087	I do not like bacon , I prefer apples .	1
5179	I like bacon , but not fish .	1
2051	I like tables , and furniture too .	0
311	I like caviar , and more specifically turkey .	0
66	I use PVC , and more specifically plastic .	0
3815	I like essays , except westerns .	0
2386	I like bears , and dogs too .	1
4671	I like factories , except caretakers .	0
2904	I do not like vinyl , I prefer plastic .	0
828	I like wine , except coca-cola .	0
2262	I like seafood , and caviar too .	0
1261	I like jewelry , an interesting type of jazz .	0
5050	I like furniture , but not beds .	1
1860	I like ships , and Harley-Davidson too .	1
754	I use glass , except vinyl .	0
333	I like movies , and more specifically westerns .	1
2043	I like chairs , and wallpaper too .	1
1899	I like Kawasakis , and trains too .	1
4153	I like documentaries more than essays .	1
5230	I like chicken , but not oysters .	1
5556	I like caretakers , but not schools .	1
387	I like earrings , and more specifically jewelry .	0
4534	He trusts his touch , except rumors .	0
5644	I like cats , and more specifically bulldogs .	0
4728	I met scientists , except physicists .	1
3700	I like socks more than jewelry .	1
3301	He does not trust his senses , he prefers rumors .	1
5555	I like restaurants , but not caretakers .	1
72	I use PVC , and more specifically leather .	0
2500	He likes emotions , and sadness too .	0
4817	I like sparrows , but not cats .	1
322	I like textbooks , and more specifically thrillers .	0
2477	He likes fear , and emotions too .	0
188	I like music , and more specifically food .	0
649	I met professors , and more specifically workers .	0
4277	I like whales , except rabbits .	0
2058	I like parquet , and tables too .	1
3064	I do not like pork , I prefer broccoli .	1
5790	I like jewelry , and more specifically socks .	0
4139	I like comedies more than essays .	1
4517	He trusts his sight , except reconstructions .	0
